{"cameraMode":{"drawMode":0,"name":"Shaded","section":"Shading Mode"},"sceneLighting":true,"audioPlay":false,"sceneViewState":{"showFog":true,"showMaterialUpdate":false,"showSkybox":true,"showFlares":true,"showImageEffects":true,"showParticleSystems":true},"in2DMode":false,"pivot":{"x":4.186668395996094,"y":2.9981040954589845,"z":16.819557189941408},"rotation":{"x":-0.01578240841627121,"y":-0.45156484842300417,"z":-0.007989169098436833,"w":0.8920630216598511},"size":51.38910675048828,"orthographic":false}